{"stats":{"minecraft:custom":{"minecraft:time_since_rest":8846,"minecraft:crouch_one_cm":337,"minecraft:play_time":8846,"minecraft:sprint_one_cm":30389,"minecraft:damage_taken":40,"minecraft:walk_one_cm":5137,"minecraft:sneak_time":49,"minecraft:walk_under_water_one_cm":300,"minecraft:mob_kills":1,"minecraft:drop":4,"minecraft:jump":276,"minecraft:damage_dealt":100,"minecraft:walk_on_water_one_cm":879,"minecraft:time_since_death":8846,"minecraft:total_world_time":8846,"minecraft:swim_one_cm":6478,"minecraft:fly_one_cm":75500,"minecraft:fall_one_cm":5091},"minecraft:killed":{"minecraft:cow":1},"minecraft:mined":{"minecraft:large_fern":1,"minecraft:grass":28,"minecraft:grass_block":1,"minecraft:tall_grass":3,"minecraft:ice":2,"minecraft:spruce_leaves":4,"minecraft:spruce_log":1,"minecraft:fern":5},"minecraft:dropped":{"minecraft:wheat_seeds":5},"minecraft:picked_up":{"minecraft:wheat_seeds":5,"minecraft:beef":2,"minecraft:spruce_log":1,"minecraft:dirt":1},"minecraft:used":{"minecraft:dirt":1,"minecraft:beef":2,"minecraft:spruce_log":1}},"DataVersion":3465}