{"stats":{"minecraft:custom":{"minecraft:sprint_one_cm":82304,"minecraft:damage_taken":240,"minecraft:walk_one_cm":35790,"minecraft:mob_kills":4,"minecraft:drop":25,"minecraft:damage_dealt":597,"minecraft:swim_one_cm":9057,"minecraft:interact_with_crafting_table":4,"minecraft:fly_one_cm":160978,"minecraft:open_chest":1,"minecraft:crouch_one_cm":1747,"minecraft:play_time":32134,"minecraft:bell_ring":3,"minecraft:sneak_time":845,"minecraft:walk_under_water_one_cm":612,"minecraft:jump":692,"minecraft:leave_game":1,"minecraft:time_since_death":32134,"minecraft:walk_on_water_one_cm":2969,"minecraft:sleep_in_bed":1,"minecraft:total_world_time":32134,"minecraft:climb_one_cm":454,"minecraft:fall_one_cm":14242,"minecraft:time_since_rest":22028},"minecraft:killed":{"minecraft:zombie":2,"minecraft:pig":1,"minecraft:cow":1},"minecraft:mined":{"minecraft:large_fern":1,"minecraft:pink_petals":80,"minecraft:hay_block":11,"minecraft:birch_planks":3,"minecraft:white_bed":1,"minecraft:birch_log":5,"minecraft:cherry_log":8,"minecraft:ice":2,"minecraft:spruce_log":1,"minecraft:birch_leaves":4,"minecraft:crafting_table":2,"minecraft:grass":164,"minecraft:grass_block":1,"minecraft:oak_log":11,"minecraft:coal_ore":4,"minecraft:dirt":1,"minecraft:tall_grass":13,"minecraft:spruce_leaves":4,"minecraft:stone":10,"minecraft:sugar_cane":4,"minecraft:oak_leaves":1,"minecraft:fern":5},"minecraft:dropped":{"minecraft:porkchop":1,"minecraft:wheat_seeds":25},"minecraft:picked_up":{"minecraft:birch_log":5,"minecraft:pink_petals":190,"minecraft:crafting_table":2,"minecraft:birch_planks":3,"minecraft:porkchop":3,"minecraft:cherry_log":8,"minecraft:oak_log":11,"minecraft:white_bed":1,"minecraft:spruce_log":1,"minecraft:dirt":15,"minecraft:rotten_flesh":1,"minecraft:wheat_seeds":38,"minecraft:hay_block":10,"minecraft:beef":2,"minecraft:sugar_cane":11,"minecraft:coal":4,"minecraft:cobblestone":10},"minecraft:used":{"minecraft:stone_sword":7,"minecraft:birch_planks":3,"minecraft:bread":7,"minecraft:wooden_pickaxe":31,"minecraft:sugar_cane":11,"minecraft:stone_axe":3,"minecraft:dirt":1,"minecraft:cobblestone":3,"minecraft:beef":2,"minecraft:crafting_table":3,"minecraft:spruce_log":1},"minecraft:crafted":{"minecraft:oak_planks":44,"minecraft:crafting_table":2,"minecraft:stick":8,"minecraft:wooden_pickaxe":1,"minecraft:stone_sword":1,"minecraft:birch_planks":20,"minecraft:stone_axe":1,"minecraft:bread":30,"minecraft:wheat":90}},"DataVersion":3465}