{"stats":{"minecraft:custom":{"minecraft:time_since_rest":10740,"minecraft:sprint_one_cm":70440,"minecraft:damage_taken":50,"minecraft:walk_one_cm":25398,"minecraft:mob_kills":2,"minecraft:drop":11,"minecraft:damage_dealt":200,"minecraft:swim_one_cm":9057,"minecraft:interact_with_crafting_table":2,"minecraft:fly_one_cm":146803,"minecraft:open_chest":1,"minecraft:crouch_one_cm":1034,"minecraft:play_time":20846,"minecraft:sneak_time":472,"minecraft:bell_ring":3,"minecraft:walk_under_water_one_cm":612,"minecraft:jump":586,"minecraft:time_since_death":20846,"minecraft:walk_on_water_one_cm":2969,"minecraft:sleep_in_bed":1,"minecraft:total_world_time":20846,"minecraft:climb_one_cm":454,"minecraft:fall_one_cm":11839},"minecraft:killed":{"minecraft:pig":1,"minecraft:cow":1},"minecraft:mined":{"minecraft:large_fern":1,"minecraft:hay_block":11,"minecraft:white_bed":1,"minecraft:birch_log":5,"minecraft:ice":2,"minecraft:spruce_log":1,"minecraft:birch_leaves":4,"minecraft:crafting_table":1,"minecraft:grass":127,"minecraft:grass_block":1,"minecraft:oak_log":11,"minecraft:dirt":1,"minecraft:tall_grass":12,"minecraft:spruce_leaves":4,"minecraft:stone":10,"minecraft:sugar_cane":4,"minecraft:oak_leaves":1,"minecraft:fern":5,"minecraft:pink_petals":13},"minecraft:dropped":{"minecraft:wheat_seeds":12},"minecraft:picked_up":{"minecraft:birch_log":5,"minecraft:pink_petals":29,"minecraft:crafting_table":1,"minecraft:porkchop":2,"minecraft:oak_log":11,"minecraft:white_bed":1,"minecraft:spruce_log":1,"minecraft:dirt":2,"minecraft:wheat_seeds":18,"minecraft:hay_block":10,"minecraft:beef":2,"minecraft:sugar_cane":11,"minecraft:cobblestone":10},"minecraft:used":{"minecraft:bread":3,"minecraft:wooden_pickaxe":14,"minecraft:sugar_cane":11,"minecraft:dirt":1,"minecraft:cobblestone":3,"minecraft:beef":2,"minecraft:crafting_table":2,"minecraft:spruce_log":1},"minecraft:crafted":{"minecraft:oak_planks":44,"minecraft:crafting_table":1,"minecraft:stick":4,"minecraft:wooden_pickaxe":1,"minecraft:birch_planks":20,"minecraft:bread":30,"minecraft:wheat":90}},"DataVersion":3465}